first_name,last_name,email,password,join_date
Tyler,Williams,leadfeeling374@hotmail.com,mT2WI@zrF_,2020-08-04 12:24:45.934353
Erika,Page,erikapage@yahoo.com,*oXC%f&10F,2023-07-30 03:01:49.511147
Amanda,Payne,amanda.payne@yahoo.com,9!W^DOAg^g,2020-03-26 05:52:48.793635
Richard,Barton,richardahead56@aol.com,9W8Nh+p9@h,2021-03-05 05:54:51.016959
Matthew,Gomez,matthewgomez@aol.com,271KIQpq@$,2022-05-05 08:07:03.086574
Brittany,Smith,brittanys120@outlook.com,8M5Bf+yn%n,2020-10-09 13:26:11.254928
Randy,Bailey,randy.bailey@outlook.com,@+Av0(VmFC,2024-03-07 03:50:22.760096
Timothy,Jones,jones.timothy@aol.com,4I_@1kCqH7,2022-09-07 05:59:43.806877
Julie,Johnston,julie_johnston@gmail.com,2%aQ1Xw_6z,2020-06-13 09:56:28.965612
Mark,Jones,mjonesduring@yahoo.com,ZJjUK1Ew$7,2022-06-11 06:07:34.314593
Stacy,Watkins,swatkinsbehind@outlook.com,i+000LKiGa,2021-08-21 02:37:48.849302
Carolyn,Smith,carolyn.smith@yahoo.com,U+0VPmsfBt,2020-05-12 14:15:13.589386
Aaron,Davis,adavisprovide@outlook.com,)KR9VG0wM9,2020-12-10 15:33:53.330139
Sarah,Wells,swells@outlook.com,@JLEVl^iW8,2020-05-31 00:05:49.832621
Jennifer,Suarez,jsuarez@hotmail.com,%xLALIPtP9,2020-07-23 08:09:18.383696
Mariah,Phillips,phillips.mariah@hotmail.com,_mzmKZck4h,2021-06-24 03:50:35.786946
Stephanie,Green,stephaniephone@aol.com,5xt$8ZZl!3,2023-01-17 23:48:41.405424
Holly,Cooke,hollycooke@aol.com,_&8GwLG&(#,2021-06-17 15:38:29.294228
Ashley,Gibson,agibson412@aol.com,$51hBElkHu,2022-08-16 10:56:17.892666
John,Kelly,jkelly813@yahoo.com,K$U@2@Vrtt,2021-11-11 23:28:15.622824
Daniel,Chavez,dchavezpainting@gmail.com,v8c7vJkQ!k,2020-12-13 03:37:44.521919
Barbara,Farrell,barbaraf@yahoo.com,*kS+6KRtub,2020-08-19 00:46:01.137099
Lisa,Stephens,wantsea667@yahoo.com,l%5_0n^nhH,2022-02-15 03:55:36.867148
Adam,Anderson,aanderson803@hotmail.com,K3QO9mw(@5,2023-09-10 14:28:14.857172
Kimberly,Huffman,kimberly.huffman@gmail.com,8aj*0fSlsT,2022-09-09 07:01:07.087626
Kelly,Jones,kelly.jones@gmail.com,!5Q8#QQy8a,2021-12-16 05:09:52.968072
David,Leon,david_leon@yahoo.com,(OVX7Lin1N,2023-09-14 10:41:53.078678
Jacqueline,Warner,jwarne@gmail.com,X56vP^x($V,2022-05-14 06:30:23.261001
Christopher,Patton,cpatton@aol.com,l6SHuT64&i,2022-02-27 07:08:17.169130
Erin,Gay,gay.erin@gmail.com,30(14XOcgK,2020-03-09 21:29:53.314480
Garrett,Daniel,treatmentlife@outlook.com,$7z1LVpkCo,2021-09-02 16:41:24.395330
Sarah,Jackson,sjackson4@gmail.com,@o7GEUww_9,2020-02-11 20:50:08.448000
Kenneth,Sullivan,ksulli@yahoo.com,(2OSw__ksg,2020-12-16 04:26:37.266238
Anna,Warren,annaw57@hotmail.com,54P_9Zps@9,2021-04-03 23:16:53.344827
Brad,Townsend,btownsend@yahoo.com,)0D)@Jdq$i,2020-01-13 13:14:28.682649
Crystal,Coleman,crystalc3@aol.com,7Bv6%lrn*B,2022-11-08 14:29:06.370466
Amanda,Brown,abrown95@aol.com,(Q1%BWx8rJ,2024-01-11 19:51:19.934097
Holly,Hicks,hollywhen@aol.com,9ekm9Pdpp&,2021-06-25 20:38:05.031417
Gary,Howe,gary.howe@gmail.com,sP6W8&bO(a,2023-03-08 21:19:09.573972
Danielle,Lewis,lewis.danielle@gmail.com,R_uVC6OP2r,2023-09-19 07:36:09.367698
Elizabeth,Lewis,elizabethl102@gmail.com,yvANU_Df!0,2024-02-15 21:35:52.834982
Karina,Anderson,karinasea5@yahoo.com,QXVT4FYw@n,2022-01-28 09:25:18.045984
Amber,Anderson,amber.anderson@hotmail.com,_s7i5GUdYq,2023-07-06 16:23:21.278733
Robert,Hamilton,rhamilton@hotmail.com,5dzMf6en(5,2022-06-21 20:49:41.613061
Donna,Torres,dtorres@gmail.com,HF6mKKNiQ(,2022-12-01 00:56:26.366030
Jacob,Lindsey,civilten16@yahoo.com,mU!94JEm4!,2021-08-05 11:43:00.711863
Sarah,Ruiz,sarah_ruiz@gmail.com,3#v3DCEb(h,2021-10-20 08:13:59.815030
Steven,Garcia,stevenfrom@aol.com,o@KO8Wx!o3,2021-12-29 03:43:58.269884
Kathy,Gutierrez,kathygutierr@yahoo.com,)2X0qb*cs8,2023-01-28 07:19:08.678614
Michael,Ward,michaelw63@outlook.com,f5PM_dwg(F,2022-02-07 22:52:05.070275
Ellen,Beltran,ebeltrantruth@gmail.com,@1F(OOpj03,2021-08-02 16:36:06.531537
Amber,Wilson,awilson@hotmail.com,r3kLBvP0&F,2021-02-12 23:41:59.184076
Lisa,Wilson,lwilson@yahoo.com,^2pNhunAp+,2024-01-24 07:53:46.578815
Austin,Franklin,franklin.austin@gmail.com,3(o8G+ZzHi,2020-01-16 01:17:28.548294
Andrea,Mullins,andrea.mullins@yahoo.com,yUY7IaWw1&,2023-02-17 18:58:05.882354
Cheryl,Thompson,cthompson39@gmail.com,73SX97Ux&4,2021-05-11 22:28:45.668521
Erica,Mcguire,ericam5@gmail.com,6mL3PuUk)8,2023-08-29 12:40:14.008543
Matthew,Shields,mshield@aol.com,(K9Yz^fATu,2022-12-25 06:30:26.922412
Nancy,Thompson,nthompsonmrs@gmail.com,*5%F&_Ya6T,2020-04-25 06:52:25.153324
Maria,Richmond,mariaunder14@outlook.com,@m8UoA#adf,2022-05-20 03:22:44.090089
Craig,Logan,craigmission30@hotmail.com,YtFvd9Hv^5,2021-09-24 07:46:03.360809
Judy,Gutierrez,jgutierrez@outlook.com,upD77IAcA+,2022-12-26 20:44:06.124814
Michael,Lester,lester.michael@gmail.com,)2CTW!VaCy,2021-06-29 09:52:39.890311
Katherine,Nelson,knelso@hotmail.com,8Lf)0WIs70,2023-12-26 14:57:55.772582
Sara,Castro,saracastro@gmail.com,@@#7S6r%Zl,2022-07-29 19:49:18.547683
Nicholas,Dickerson,nicholasd3@hotmail.com,%4HK0cau83,2022-10-10 18:42:42.371770
Krista,Martinez,kristamarti@hotmail.com,6s^$5PlWt_,2021-05-28 07:52:24.725966
Danielle,Walters,walters.danielle@aol.com,^3TF@Ke&yr,2023-09-06 00:25:34.485571
Samantha,Espinoza,espinoza.samantha@gmail.com,)3e4P_&wZI,2020-10-05 07:06:18.320967
Michael,Thomas,michael@outlook.com,+2iES9ke(o,2022-02-15 13:25:09.620490
Kristin,Mccullough,kristinmccullough@outlook.com,_*#R0Qew&w,2020-07-03 21:48:45.958205
Kelly,Tanner,kellyt380@hotmail.com,7^1KrzxB&h,2023-03-22 08:17:06.407604
Ashley,Cooper,moviegame782@gmail.com,i7FBEFg6+1,2022-11-27 05:27:21.650558
Vanessa,Williams,vanessa_williams@hotmail.com,^DI#rv0jE4,2020-04-27 20:38:52.041459
Sally,Mitchell,sallymitche@aol.com,)t4loZ0i$3,2020-03-18 14:22:14.703283
Amanda,Hunter,ahunter@hotmail.com,)WvdOPyg02,2023-06-05 10:42:26.678923
Brian,Perez,brianp@yahoo.com,CV5E7zRee#,2022-06-26 20:19:23.939795
Paul,Eaton,peaton@outlook.com,RqF$Rm2(!9,2020-04-02 09:03:28.662768
Heather,Glenn,heatherglen@hotmail.com,RY1oQsCiK+,2024-01-12 04:07:06.442358
Chelsea,Miller,chelseam@hotmail.com,%4RRBy^Y+x,2021-11-29 05:54:22.458370
Ronnie,Craig,ronnie.craig@gmail.com,(9HeeHP76i,2020-09-30 16:26:04.549382
Patrick,Richardson,prichardson78@yahoo.com,B^7yQGMpRb,2022-07-10 08:31:44.725128
Donna,Sanchez,donnasanc@aol.com,hjO3)Ld^6&,2020-07-05 22:48:22.591221
Scott,Hart,scott_hart@aol.com,I++0hQm#Hq,2023-10-23 02:21:59.247229
Kimberly,Stevens,laytelevision2@outlook.com,&5k5Rhcoe!,2022-07-10 12:35:17.759369
Haley,Scott,secondprofessor6@yahoo.com,+6i7v#CjV7,2022-12-25 00:33:59.949336
Brian,Clark,clark.brian@outlook.com,Zd6rFCgzo),2023-02-28 11:57:20.052191
Gavin,Stevenson,gavinstevenson@aol.com,zK8Nv&zav%,2023-12-03 02:58:58.517041
Joseph,Mcdonald,jmcdonald@hotmail.com,w$d0vq5viR,2021-05-26 20:09:14.225318
Dana,Duarte,dduartewhether@outlook.com,&VOfz#fj8l,2023-03-12 06:10:23.327483
Paul,Daniel,pdaniel@yahoo.com,)27ZbUtrc8,2022-07-11 02:11:32.929536
Joseph,Sawyer,somebodypay@yahoo.com,j&57RAx4r7,2020-01-03 11:22:57.265258
Justin,Tran,justindesign8@hotmail.com,#5#YPumqOc,2020-08-24 12:28:43.063932
Albert,Burns,aburnsmodel@outlook.com,$bDHS2a4_7,2021-10-20 01:31:39.709008
Michelle,Jennings,michelle.jennings@aol.com,Io0WmYGpC^,2021-07-05 13:06:27.508986
Cynthia,White,cynthiawhite@gmail.com,(2DhArRcy$,2020-10-26 18:46:31.811232
Brianna,Ross,seatmanagement607@outlook.com,%k1D0d+sk(,2023-02-21 00:44:11.916876
Kathryn,Wells,kathrynresponse67@outlook.com,x@0&VwMN@8,2021-01-16 07:42:57.520615
Cory,Smith,cory_smith@yahoo.com,_4xtXUWk@v,2022-10-02 15:18:31.565426
Elizabeth,Medina,elizabeth.medina@gmail.com,u8UtB)Lu#7,2022-01-10 02:14:57.609465
Troy,Hernandez,troyhernandez@outlook.com,18_4M@d(o*,2022-05-08 00:11:27.153467
Sarah,Wagner,meetingspeak3@hotmail.com,S7R+#Ckb&1,2023-07-09 14:00:13.090075
Teresa,Garcia,teresagarcia@hotmail.com,1)9r3qw20Z,2021-06-20 20:53:08.082272
Daniel,Gonzalez,focusitem7@aol.com,KD0WsG+I!B,2022-03-05 23:01:05.045694
Miranda,Ho,mirandaprevent7@hotmail.com,&4Ywf*BRSA,2021-11-02 16:30:03.036782
Martin,Rogers,mrogers@gmail.com,^8GgqV@P#Q,2020-05-21 13:47:27.302377
Linda,Mcgee,lmcgee@hotmail.com,0mR7XWgtS^,2023-09-30 14:10:39.164177
Melissa,Hicks,melissa_hicks@hotmail.com,#!a3jWdK82,2020-09-08 14:55:14.016083
Dustin,Johnson,dustinjohnson@outlook.com,k(Q^6NgV!!,2021-03-20 21:15:49.159253
Ryan,Randolph,rrandolphcut@yahoo.com,@s7HD7lq6d,2022-04-19 20:49:20.903757
Christine,Holmes,whompeople4@gmail.com,&7Mx+6!kBV,2022-09-29 08:14:43.399809
John,Griffin,johncatch@gmail.com,8n!PHbcM^@,2022-09-12 08:49:50.072376
Robert,Mullins,robert_mullins@yahoo.com,81zJgA0w*8,2020-07-11 20:21:33.243894
Julie,Pacheco,juliereason7@aol.com,^7vsH(rV7_,2023-11-11 02:49:52.350575
Grace,Buck,graceb@aol.com,uO3aC7rfz^,2021-12-07 23:02:08.830818
Kara,Smith,kara.smith@aol.com,2%Q8HS@c*o,2020-03-15 11:29:51.545599
Paul,Harris,pharris@gmail.com,J!5rPbcUlo,2020-08-31 19:40:37.855548
Timothy,Perkins,timothy_perkins@hotmail.com,rFk&4G7xt!,2021-02-08 20:48:58.382353
Elaine,Bryant,ebrya@outlook.com,R^q#2Wx^JR,2022-02-21 08:17:10.882002
Madison,Moreno,madison_moreno@gmail.com,3L68PHop!M,2022-06-25 14:34:03.353578
Anthony,Miller,anthonymiller@outlook.com,JG%+9BeJYP,2021-03-03 23:44:36.928459
Andrea,English,aenglish4@outlook.com,@lKcSz)ks4,2021-03-25 11:07:31.383643
Lauren,Hardy,laurenh@outlook.com,$+c5S&Fa&6,2022-06-26 05:37:33.232465
Jason,Cohen,jasoncohen@gmail.com,fj04XcxF%4,2022-09-24 05:39:55.705612
Stacey,Simmons,stacey_simmons@aol.com,T@08Qqz86!,2023-03-25 11:18:11.125495
Laura,Morris,laurasociety303@aol.com,2IsQjPnI)o,2023-06-12 18:23:02.638657
Jessica,Greene,withtough@outlook.com,_KG_Vex!4O,2024-02-04 10:58:55.320347
Dean,Harper,dharper196@outlook.com,vdYxQC1B)5,2021-11-20 21:03:45.195469
Robert,Richardson,richardson.robert@gmail.com,2n4AuG$op_,2021-02-21 19:26:18.364276
Stacey,Foster,fieldkeep43@yahoo.com,F79p4GxqW@,2024-03-02 19:52:22.070589
Wayne,Baldwin,wbaldwin433@outlook.com,gCyWCn*H_1,2022-01-16 20:50:44.184099
Tony,Martinez,tony_martinez@gmail.com,J%Fq5Tvqab,2022-06-03 05:09:58.451309
Kimberly,Rollins,kimbe@hotmail.com,RUP&8Euy3d,2022-02-24 08:52:59.909780
Bonnie,Hunter,bonniehunter@outlook.com,YNx#0MuP@(,2021-07-16 09:29:27.313128
Christina,Ramos,cramos@outlook.com,^^tat1rE$M,2023-04-20 10:22:00.395188
Jennifer,Romero,romero.jennifer@outlook.com,_8(C@xcvLu,2021-11-12 21:12:47.062883
Cathy,Garza,cgarza@hotmail.com,Jv6MFNO2Y#,2022-06-26 18:43:07.877662
Amanda,Doyle,adoyle@aol.com,W@k7XOz09p,2022-02-26 20:53:32.367588
Angela,Baker,angelabaker@hotmail.com,cSO$3Dg0h_,2022-10-12 20:27:16.154309
Laurie,Baker,lbakertop@gmail.com,f9p#ZXKw+q,2020-10-03 05:34:50.883329
Sherry,Nguyen,snguyengo@yahoo.com,LC1Bah$i+#,2020-08-27 23:09:43.797096
Meredith,Klein,testtheir5@outlook.com,*XD6EhdFe_,2020-09-12 13:44:05.828714
Heidi,Turner,heiditurner@gmail.com,sa*O9(MuVh,2022-02-15 17:54:38.964245
Craig,Jenkins,jenkins.craig@outlook.com,M4zsB)4a^h,2021-02-13 20:40:22.917246
George,Noble,georgenoble@yahoo.com,Rgm61FmS$Q,2020-06-17 23:56:23.843282
Joanna,Ferrell,ferrell.joanna@yahoo.com,G*cR1Im*+O,2023-09-29 01:22:57.223774
Terry,Bennett,terrybe@gmail.com,(0rGNv+g3$,2020-06-30 19:23:02.925537
Stephen,Clark,stephenc9@aol.com,4f*k3L&a_I,2024-02-21 12:41:52.850954
Brenda,Jones,brenda_jones@hotmail.com,UOcs1JjbM(,2021-02-09 08:26:26.766629
Sandra,Cabrera,scabrera@aol.com,2o9uSnrP*b,2022-03-16 01:19:47.119307
Melissa,Patterson,mpattersondraw@outlook.com,8BIx+Hz0#X,2020-11-21 12:48:11.723174
Allen,Campbell,decisionparticularly4@gmail.com,Cttv7Mdm*X,2020-04-08 00:24:37.391288
David,Johnson,david.johnson@aol.com,E@)7J59yOs,2023-07-04 16:37:00.433640
Anthony,Walker,awalker1@gmail.com,Qpx5KChm2$,2021-06-10 14:34:25.569767
Cole,Patel,cpatel@hotmail.com,M*OHR#u4*6,2020-09-29 15:43:47.127741
Harold,Lawrence,hlawre@yahoo.com,kH!BESlW!1,2023-08-22 02:52:57.258871
Christopher,Blair,christop@outlook.com,0Jv)3PzG08,2021-08-10 09:20:36.411459
Edward,Hall,hall.edward@hotmail.com,)6Aj#eN(Ef,2023-01-01 13:21:00.000506
James,Grimes,applyconference@outlook.com,R0iM_teD@6,2022-05-21 04:56:29.282826
Samantha,Lee,samanthalee@aol.com,1K23LRvi)f,2023-03-10 03:10:05.476560
James,Greer,likeold@aol.com,$606e6uy9K,2022-03-14 05:18:49.104228
Kyle,Cook,kyle.cook@outlook.com,(ZQSZRtBp9,2022-04-19 10:48:51.200281
Timothy,Reynolds,timothyr89@gmail.com,!m0G0Tu*q5,2021-05-05 08:45:41.473215
Raymond,Thornton,mighttraditional965@hotmail.com,bS7KxqeU%h,2021-04-27 23:23:41.689161
Aaron,Fox,afox@aol.com,7KnyHq*##t,2022-06-13 01:07:11.385159
Paul,Fisher,pfishertraditional@yahoo.com,*599JWVxF@,2021-05-07 10:07:50.810476
Brian,Wong,brian_wong@outlook.com,fqr95WVt_A,2023-10-07 08:06:38.950561
Alexis,Nolan,alexis.nolan@hotmail.com,D@dUT_Pz^9,2021-05-02 04:14:26.326779
Amanda,Garcia,finallycurrent275@outlook.com,v1+7NziwDu,2023-10-21 00:41:57.967700
Robert,Ferguson,robert.ferguson@aol.com,S3UCL4^m&^,2020-11-24 08:33:05.748056
Jennifer,Franklin,jenniferfranklin@gmail.com,G^1%XUbR3X,2022-01-25 15:30:33.977003
Joseph,Snyder,snyder.joseph@aol.com,1f+(UaO+@K,2020-08-17 06:33:11.424292
Charles,Manning,cmanning@gmail.com,Y$0xK3aq^0,2022-03-20 10:32:48.511674
Joe,Baird,jbaird@outlook.com,*JHJ4Sypc2,2023-01-26 09:02:12.609686
Alyssa,Dunlap,alyssadunlap@outlook.com,%S)1BUnHw#,2020-04-17 00:58:10.208576
Joseph,Gardner,gardner.joseph@aol.com,5y27MM9xZ$,2020-01-25 07:19:51.177833
Anthony,Smith,anthony.smith@outlook.com,RFU9BU2q%0,2023-04-08 20:04:19.243640
Traci,Thompson,tthompson@yahoo.com,%2ACQ9zs4+,2023-02-04 06:40:13.318170
Jamie,Torres,jtorr@outlook.com,H@8+7Usc(y,2020-07-31 17:14:24.755910
Johnathan,Greer,jgreerquestion@outlook.com,_22Nih#4pk,2022-12-12 07:20:41.498836
Mark,Mcdaniel,mmcdanielthese@aol.com,$2pCuWzqNd,2023-07-11 01:43:53.278471
Nancy,Casey,casey.nancy@gmail.com,&8CRESip@7,2023-02-28 18:15:55.049297
Melissa,Hendricks,melissahendricks@aol.com,+!9USqcT#J,2022-12-13 03:33:51.201131
Shawna,Reynolds,enjoysee@outlook.com,XLh1(Vldt_,2021-05-17 04:13:07.367025
Abigail,Henry,middlechoice498@hotmail.com,*5qXjXpiB1,2021-08-26 17:00:31.914875
Matthew,Smith,generationauthor348@aol.com,i@Z7EscN!0,2022-12-01 01:20:56.454643
Larry,Lynch,llynch94@outlook.com,+9K&bePvS6,2024-01-30 15:09:09.581348
Sandra,Thompson,thompson.sandra@aol.com,K+fZx0Hlmu,2021-05-01 11:50:01.507022
Erik,Calderon,erikc3@gmail.com,%30EsTvTVy,2022-08-19 18:00:00.366382
Joseph,Carr,jcarr@outlook.com,!@qoVHVtk1,2020-09-10 13:47:23.527560
Gary,Hernandez,insteadcollege28@outlook.com,+8DGP3bpv*,2020-07-22 18:51:44.213788
John,Jones,jjonessituation@hotmail.com,Q!c8Z1b@_r,2020-07-18 07:49:29.230752
Brittany,Davis,brittany_davis@yahoo.com,^oGD4xBT7m,2020-06-02 12:49:35.640320
Jacob,Davidson,jacobdavidson@aol.com,4^7MLEsqRj,2022-10-24 00:34:50.356388
Shelley,Terry,sterry@outlook.com,^863QAoiov,2020-08-21 11:52:09.360668
Bradley,Walton,bradley.walton@gmail.com,nz4)UQTf$H,2021-09-22 23:16:47.620495
Olivia,Sanders,osanders631@yahoo.com,%31GwCEDPr,2021-12-05 22:14:16.563399
Bradley,Walters,bradleyw@outlook.com,)!ef8!Corl,2024-01-29 03:04:49.436511
Ashley,Mitchell,amitchellnation@outlook.com,HDRzf#lH^5,2024-03-09 20:19:36.639402
Ann,Mann,ann.mann@outlook.com,L%9q5Dc^(),2023-09-08 12:24:59.160526
Dennis,Adams,dennisadams@hotmail.com,)1L1zViN)W,2023-09-04 23:31:06.038224
Victoria,Reynolds,everyonenow49@outlook.com,7XtZCJGt#m,2024-03-10 20:31:00.042665
Dawn,Johnson,himnever9@outlook.com,4jZBG(nv^6,2023-03-28 14:15:12.325788
Tabitha,Garcia,tabitha.garcia@gmail.com,NgGHWd@e&7,2022-07-27 21:23:54.960644
Virginia,Hudson,virginiarule@gmail.com,BXw5QoWz&a,2022-11-27 19:56:25.450317
Marc,Rangel,marcran@outlook.com,KlA3Fu0d@X,2020-11-24 20:42:13.978794
Robin,Davis,yourthese7@yahoo.com,#L4HV9!j35,2022-11-11 04:59:36.559592
Chad,Lewis,clewis@gmail.com,8)5TjDb@2s,2022-10-12 16:20:54.414155
Carlos,Williams,williams.carlos@aol.com,O&y7wTIy9X,2022-05-11 03:00:50.360547
Martha,Phillips,marthapattern2@yahoo.com,&4AkBIp@X7,2020-08-23 01:56:55.172668
Wendy,Jimenez,wjimen@aol.com,_a8LSVOn%K,2023-10-22 03:30:07.078317
Cynthia,Roberts,cynthiarob@yahoo.com,M&%3C$NurY,2023-11-08 11:01:02.741490
Carol,Lambert,lambert.carol@hotmail.com,o6(d*oDe*1,2020-09-25 08:06:58.815459
Robert,Palmer,rpalmerdata@outlook.com,a_12GwBEh#,2021-04-06 08:40:49.793246
Perry,Russo,perryr@outlook.com,#$0CH3VbxL,2020-04-01 09:29:58.081781
Lisa,Garrison,lgarrison@outlook.com,CV6NCU^c^1,2020-02-17 03:04:23.603544
Matthew,Avila,matthe@gmail.com,@9ZWD4byda,2021-05-13 10:26:36.945669
Julia,Pena,jpena@hotmail.com,OWQTQYyC!1,2022-09-27 17:35:16.651850
Kiara,Callahan,kiara.callahan@hotmail.com,a0d^p5WzxS,2021-09-02 12:28:16.366806
Robert,George,robertproperty2@outlook.com,2g6T6Xw+_E,2020-07-18 12:35:19.493160
Cody,Brown,cody.brown@aol.com,G1Y^3QOt2$,2020-10-29 11:07:39.247543
Antonio,Williams,awilliams@hotmail.com,_t0pICvrg_,2020-07-03 00:23:51.000856
Christine,Nelson,cnelsonentire@outlook.com,)JKX1Is80!,2023-02-15 18:44:56.369148
Kevin,Weaver,kweaver@outlook.com,)6_b8Ix$sS,2023-12-17 16:17:08.109899
Jeremy,Jackson,jeremyjackson@hotmail.com,Jh9BmJqO*5,2020-04-05 16:26:39.187676
Mitchell,Gibson,mgibson61@yahoo.com,du^EiUIU@0,2022-02-06 15:22:14.477814
Jennifer,Jefferson,jefferson.jennifer@hotmail.com,A7DTuTC1(f,2020-11-27 16:03:57.485957
Sarah,Hudson,shudson@yahoo.com,^5YLf1T0Bm,2021-06-18 18:44:42.223033
Brenda,Miller,bmiller6@yahoo.com,^Z55ECr$pw,2021-01-02 06:36:55.532592
Melanie,Allen,mallen1@yahoo.com,4h&4B4Wp3&,2023-05-24 05:36:52.886458
Kathleen,Preston,preston.kathleen@yahoo.com,zUY3IMmH!2,2023-04-03 19:01:07.801910
Blake,Pratt,bpratt@hotmail.com,40$R(sk&+U,2022-07-31 23:36:19.919673
Jason,Martinez,jason_martinez@gmail.com,s!I0+KDo(W,2021-07-07 10:24:17.421780
John,Singleton,singleton.john@outlook.com,^P2IumSg@8,2020-03-12 08:18:29.761562
Allison,Joseph,allisonjoseph@aol.com,3!5ZZlM+E),2021-06-02 01:02:35.089245
Matthew,Todd,matthewt744@aol.com,9wFyzwMH&S,2021-12-11 00:10:27.934046
Bradley,Roy,bradley_roy@gmail.com,@%Z5OgxbXB,2020-08-13 09:57:42.871284
Daniel,Parrish,daniel_parrish@outlook.com,!0kUAKhtC4,2023-08-17 03:22:27.730278
Michele,Manning,mmanning@outlook.com,(8!K6++j#T,2021-09-27 00:49:21.368209
John,Nelson,johnnelso@outlook.com,%oJOY7_xk6,2021-06-30 07:35:23.876674
Krista,Lewis,kristaspring5@yahoo.com,)0JeyapymL,2020-09-30 15:34:56.454747
Andrew,Barker,abarker71@gmail.com,(3emJrm#Rg,2023-05-17 00:41:30.582386
Carl,Saunders,saunders.carl@outlook.com,Fd)2)2Jc^C,2023-10-08 07:29:02.719757
Michelle,Bradley,bradley.michelle@aol.com,v96ZGtbm#I,2023-04-29 15:00:04.116970
Cassandra,Ramirez,cassandrar@yahoo.com,#ZCb0O7w)0,2023-12-19 01:17:30.979633
Thomas,Gonzalez,thomasgonzalez@aol.com,_0Z4Q6om^a,2022-10-26 06:46:31.269179
Brooke,Jefferson,brookej578@yahoo.com,bxQcSp@J%8,2022-11-09 21:38:32.932331
Mckenzie,Suarez,mckenziesuarez@outlook.com,@07gMSfZLu,2020-03-22 10:31:50.513891
Teresa,Smith,smith.teresa@yahoo.com,p1$p8IlDXu,2022-04-25 20:34:01.227582
Michael,Gentry,michae@yahoo.com,i4%7Uun7_(,2024-02-03 00:14:23.256321
Spencer,Moore,smoore@aol.com,(41OlqFq9s,2021-05-21 05:39:30.114066
Evan,Robinson,evan_robinson@outlook.com,b7I+2RqHq!,2021-06-23 08:38:03.896729
Richard,Wilson,richard.wilson@hotmail.com,%2UeiHGpH@,2021-07-26 11:06:41.382168
Sara,Sanchez,sanchez.sara@hotmail.com,)7@oSoCmKE,2023-11-19 00:58:20.958641
Scott,Rodriguez,srodriguez@aol.com,&0Lq&Yu4(U,2022-10-21 08:22:03.363878
Angie,Richards,arichards@aol.com,&#A9MVv8h+,2020-01-01 03:41:40.892103
Melanie,Bush,melanie.bush@aol.com,*yzSkk2Up3,2023-05-22 10:34:39.876223
Lisa,Morris,morris.lisa@aol.com,1&2*DdDl*e,2023-11-01 03:06:54.199589
Gregory,Miller,miller.gregory@yahoo.com,9!05bD!l$$,2021-07-21 09:55:38.804063
Jerry,Levy,jerryfight3@aol.com,*(D5_oZiu*,2020-09-06 13:37:39.897986
Allison,Li,li.allison@outlook.com,z1V4SKRfe!,2023-03-10 05:31:20.655782
Anthony,Khan,khan.anthony@outlook.com,L1%QnIhY#Y,2023-10-12 08:34:12.199518
Shane,Price,sprice@yahoo.com,Te4Dtj)t&x,2021-12-21 23:11:01.481328
John,Chapman,john.chapman@hotmail.com,E)92XFanEX,2022-07-19 18:53:40.761923
Christian,Ellis,ellis.christian@yahoo.com,2bne1VZw)k,2021-05-20 16:47:09.004330
Melissa,Rocha,mrocha@hotmail.com,Ts4cz2Fk$n,2020-10-26 07:49:25.946150
Kevin,Bell,kevinattention94@aol.com,_!Y2QHKi*!,2022-04-02 20:16:38.355217
Nicolas,Bradley,nbradley@gmail.com,(E6HcP1YDH,2022-10-03 18:11:32.858626
Elizabeth,Foster,efoste@gmail.com,+x1OrMuP5B,2021-05-20 14:05:26.543515
Holly,Rubio,hrubiodefense@hotmail.com,#3PFdt(jK9,2021-02-06 10:30:44.978663
Kirsten,Pope,kirsten_pope@hotmail.com,d@O8JgJp)k,2022-04-28 12:33:00.305362
Barry,Koch,barryk@yahoo.com,4&&3GZ&i8w,2024-01-30 01:33:45.064878
Donald,Arellano,donald.arellano@hotmail.com,&9*9P)$w%b,2022-07-16 04:39:47.749542
Kathleen,Lam,kathleenl@gmail.com,(e01hHalW&,2020-04-02 06:04:25.256950
Cynthia,Mcclain,cynthia.mcclain@gmail.com,&9BBW#YtN_,2023-05-05 04:58:38.394965
Eric,Wilson,eric_wilson@aol.com,@7tzJLsqfw,2023-04-23 00:13:39.214420
Angelica,Perez,aperez@aol.com,&tj2v8O!o$,2021-07-02 02:22:23.987461
Anthony,Bailey,abailey@aol.com,)JcKQFp76#,2022-04-05 16:07:23.427419
Jonathan,Martinez,benefita65@outlook.com,N8XUlMYK^k,2022-11-12 12:06:22.484686
Jonathan,Burns,jonathan.burns@aol.com,auz_%dHf$1,2023-01-15 07:58:22.198313
Phillip,Taylor,philliptaylor@aol.com,@GOj9Twn9o,2024-03-03 16:05:33.800211
Lori,Lee,lee.lori@outlook.com,x+PBw(E91o,2023-01-22 15:05:41.521668
Kimberly,Hill,kimberly.hill@yahoo.com,Z8GMQida(i,2021-02-04 08:00:00.438876
Gina,Gonzalez,gina_gonzalez@hotmail.com,_9P)w^F*52,2022-06-14 08:03:23.802333
Ashley,Crawford,herselfcould3@yahoo.com,+0vFsb!R%E,2020-08-02 06:51:54.316079
Joel,Hernandez,jhernandez@outlook.com,5*98$UEu90,2020-03-11 14:39:20.367172
Kristin,Harmon,kristinlaugh2@hotmail.com,B5@Bo9dc$d,2023-12-17 16:55:15.335212
Malik,Hill,malikhill@outlook.com,Fbl1QFuS+2,2023-12-03 09:25:16.760838
Christopher,Jackson,cjacksonwhite@aol.com,^&z1HVjz28,2024-01-15 06:36:09.373430
Beth,Baxter,bbaxter2@hotmail.com,(d64rOEf_p,2022-02-13 04:20:15.793853
Carl,Gillespie,carlgillespi@gmail.com,PxuCHZT(&3,2023-02-27 05:05:30.059689
Ryan,Melton,rmelton81@outlook.com,TD$W1Aa+w1,2021-04-29 04:15:48.436011
Bethany,Freeman,bethanyfree@gmail.com,6dyYT+jR+6,2021-06-15 08:24:07.020328
Reginald,Richard,rrichardcentral@hotmail.com,p0mfVGgQ_^,2024-02-23 11:40:18.360283
David,Brown,david_brown@gmail.com,DI20CMna)1,2021-10-15 23:19:25.654848
Jennifer,Fox,jennifer_fox@outlook.com,#3GqUjUVng,2021-05-26 07:28:07.501668
Glenn,Lewis,glennle@aol.com,*5FNqibHU5,2021-10-30 23:56:37.298757
Ryan,Austin,raustin@gmail.com,#En1TqckX0,2023-11-11 21:02:07.095187
Jessica,Miller,miller.jessica@hotmail.com,W&7$J5hg!w,2023-12-23 17:07:05.279279
Sarah,Salazar,ssalazarinterview@gmail.com,&4y1Z)qS8h,2022-12-09 19:34:17.969815
Tonya,Schmitt,onlyindividual857@gmail.com,!bOAXjUgd9,2020-09-30 12:44:38.717943
Calvin,Smith,calvinsmith@yahoo.com,*eTOubdP46,2021-01-08 04:36:49.052332
Kelly,Anthony,filmyes45@yahoo.com,r(89VGUgNi,2023-05-24 04:54:36.390277
Marie,Griffin,mariegriffi@outlook.com,_9n)UZyp%#,2022-02-13 01:18:14.155591
Rebecca,Anderson,rebeccastock@gmail.com,%l2n7LPdPY,2020-01-20 06:45:27.483387
Alfred,Wright,alfred.wright@yahoo.com,gp)(3Rg1nI,2021-03-19 13:41:03.720308
Lisa,Brown,lbrown2@yahoo.com,0(L4Hy_sKB,2020-02-20 02:49:32.950951
Randy,Haynes,rhaynes@gmail.com,A@6sfW(zga,2020-10-14 08:14:56.607347
Brian,Wilson,brianw19@gmail.com,3c5IoAloG!,2023-01-13 22:15:47.277510
Gina,Horn,alsodeal19@hotmail.com,S$pEhDMb&1,2022-12-12 01:49:42.411489
Heather,Bradford,hbradford@yahoo.com,+5SXK1Wbin,2023-03-18 06:11:17.836294
Kevin,Garza,kevin_garza@gmail.com,%vacj5GuKB,2021-09-09 03:29:43.077526
Joanna,Snyder,jsnyder95@yahoo.com,+y8uMaJg6N,2022-02-10 07:13:17.009256
Jacob,Lopez,jacob.lopez@aol.com,^5Q+yX@qJM,2021-05-17 07:57:45.255230
James,Douglas,jdouglas@hotmail.com,(2tALPjdqo,2023-11-20 17:12:08.903210
Kimberly,Hamilton,kimberly_hamilton@outlook.com,7BEMqHmH#P,2020-11-10 04:06:48.215068
Megan,Perez,mperez@yahoo.com,6xYeu3k&+G,2021-03-14 01:11:41.280968
Cassie,Powers,cpowers@outlook.com,M#2yXVv+Pq,2021-07-11 01:02:02.221011
Tabitha,Anderson,tanderson@outlook.com,0W7N73Bi!k,2023-08-11 09:16:54.603312
Tyrone,Hernandez,thernandez@aol.com,7l9vAQrl_E,2020-08-04 12:31:45.280338
William,Dean,wdean@hotmail.com,Ia%@YOlJ!4,2020-07-17 07:51:09.484492
Jeremiah,Guerra,jguerra7@gmail.com,4*8cNesM)^,2023-08-23 17:08:17.219824
Evelyn,Mueller,evelyn.mueller@hotmail.com,oB3Y8M1bK%,2021-03-03 03:49:47.720351
Jennifer,Travis,jtravis@yahoo.com,Ch!8Lm7@M%,2020-08-18 10:23:53.073524
Patricia,Vance,patriciacustomer@hotmail.com,%FE9ASv*6K,2022-09-08 09:17:37.898902
David,Fernandez,dfernandezagainst@aol.com,K!(A0UAr%L,2022-12-19 21:33:16.846800
Candice,Nash,candicena@yahoo.com,yz^9BU4k9),2020-06-12 14:10:43.571911
Michael,Graves,mgraves@aol.com,$X%1oMq47j,2023-12-27 13:02:42.448081
Crystal,Brown,crystal_brown@hotmail.com,^)DL1a(*5k,2020-10-01 21:10:17.037935
Alexander,Lang,alexanderl@aol.com,U)N0MZ0dp),2020-01-07 15:30:07.584036
Zachary,Cole,zachary.cole@hotmail.com,%U5G+BRU3r,2022-04-02 18:29:56.201112
Shawn,Chambers,schambers@outlook.com,@+X$yJxtp5,2020-07-28 12:34:02.607496
Cory,Bishop,corynever9@hotmail.com,n@eKJI0b&4,2022-07-25 22:46:36.047500
Brandon,Dixon,brandon.dixon@outlook.com,v*1B0Sype8,2020-10-01 06:44:53.541783
Melissa,Gonzales,reduceago74@outlook.com,*w4VQo@Qs4,2023-12-21 10:45:41.603355
Ann,Long,along3@yahoo.com,@3Dd)mHoBS,2021-10-30 19:34:34.836159
Tiffany,Kennedy,tiffanyk44@hotmail.com,H&9IAhf$v%,2020-10-11 22:25:52.951816
Tracy,Smith,tracysmith@hotmail.com,!q1JD@UcY(,2020-10-24 02:13:29.178357
Bobby,Taylor,bobbywhen@yahoo.com,zvL4U_en&2,2021-12-02 00:53:09.817171
Cody,Galvan,codygalvan@hotmail.com,+kOKbwmOV7,2021-12-26 04:55:51.083101
Jeff,Kelly,jeff_kelly@outlook.com,^e&AYxnCG4,2021-02-10 00:41:19.091253
Sandra,Scott,sandra.scott@hotmail.com,tM01SyuO*l,2021-05-06 20:33:04.885695
David,Hunt,hunt.david@outlook.com,Zd5HZV8v&D,2022-06-17 19:10:18.018852
Lauren,Jones,ljonescommon@outlook.com,&pAYhm6N6z,2020-08-04 22:13:59.201471
Elizabeth,Barnes,ebarnes@aol.com,0jnTgDeC@H,2021-07-19 16:19:10.616473
Laura,Braun,laura_braun@aol.com,4q&(Q3Iv+M,2021-01-19 20:29:24.270177
Dorothy,Price,votebeat332@hotmail.com,P6Yz_24P!p,2021-09-27 23:33:18.158867
Bryan,Gomez,againexample223@aol.com,$VFtT3NeHA,2022-04-07 11:50:31.952383
James,Keith,jamesk@gmail.com,&Mn0RrdQ#T,2021-04-08 04:25:33.740139
Brian,Burns,fivenote@gmail.com,^!Y3aZhyOU,2020-08-20 14:33:35.070218
Jillian,Chan,jillianc@outlook.com,75iUqbiX@q,2020-03-05 21:09:38.657241
Wendy,Phillips,wendy_phillips@yahoo.com,Oi2EXs!6S&,2020-09-29 15:40:39.481464
Daniel,Bush,bush.daniel@yahoo.com,mfL2FZej(h,2020-09-18 21:12:57.663003
Brian,Lane,brianweek308@aol.com,xe14ivUCZ*,2023-11-29 18:22:20.861148
Peter,Mcbride,doorspecific@hotmail.com,1A@9TnyfC),2020-12-24 20:45:42.526207
Jennifer,Caldwell,jcaldwellhappen@gmail.com,9@j7Fizt8(,2021-03-26 01:41:39.155528
Kathy,Garcia,wearmemory225@yahoo.com,X83S9yU*&w,2024-01-30 13:10:55.136448
Jonathan,Johnson,johnson.jonathan@yahoo.com,)9BPvYTNZ),2022-03-23 18:20:05.041986
Clayton,Wilson,claytonwilson@gmail.com,S_zoX6GsyT,2020-04-15 07:17:30.325199
Amanda,Williams,awilliams769@hotmail.com,z+@v3oXu%K,2023-06-23 00:31:06.719408
Eric,Taylor,erictaylor@gmail.com,+rOvJpmF9l,2023-05-02 03:56:49.575069
Alicia,Wilkinson,aliciaw77@gmail.com,L&3VbucYD$,2021-01-02 19:18:29.504820
Julian,Sanchez,julian_sanchez@hotmail.com,Z4+Y^gLd)U,2020-12-02 13:56:10.170413
Christopher,Lowe,christopher_lowe@outlook.com,+#2Z*jAts9,2021-06-12 11:59:16.476523
David,Owens,dowens@gmail.com,Fmn48UNt$U,2022-11-13 04:47:35.867723
Blake,Martin,onestuff759@yahoo.com,^bL2+S^d0l,2023-03-15 01:36:35.978678
Kyle,Gregory,kyleg15@outlook.com,)q5ZeM^a^1,2023-11-02 12:22:38.038726
Jonathan,Burch,jonathan.burch@outlook.com,1ReX8yd^@6,2023-03-29 20:45:31.823084
Christina,Tapia,ctapia@aol.com,^6E8Mv4M14,2020-06-24 06:04:07.105211
Madison,Le,le.madison@gmail.com,9a0WK%lv%6,2020-07-30 23:54:05.936979
Patrick,Williams,patrickwillia@hotmail.com,#8HsQ#Jw5q,2020-12-14 09:24:13.830350
Jennifer,Conner,jennifer.conner@gmail.com,%HPQfOno2G,2022-04-15 04:02:15.040192
Kathryn,Walsh,kathrynfather441@aol.com,$d6mA3Yb(@,2024-01-29 07:32:55.490789
William,Walls,william.walls@outlook.com,$L7_$3rvn@,2022-05-15 04:56:24.783686
Sarah,Stein,sarahstein@hotmail.com,_uk1zGpwOq,2021-11-03 23:08:09.131616
Cheyenne,Martin,cmartin@yahoo.com,Nx15CL*&s!,2020-01-10 08:03:12.224133
Cynthia,Cook,cynthiac@aol.com,oz$@4IHx0j,2021-08-17 03:34:17.278517
Ricky,Gonzalez,ricky_gonzalez@aol.com,+WWCangO_4,2022-02-27 19:51:38.363642
Jennifer,Fisher,ballaccount@yahoo.com,z$Tg7Spuyf,2021-11-21 05:03:58.032887
Sara,Lucero,sara.lucero@hotmail.com,Jx1R0qja#1,2023-04-04 02:02:37.821319
Jennifer,Myers,jmyers@outlook.com,_7&&Q3Dt&H,2022-09-21 12:02:34.292904
Megan,Kline,mklinerecognize@yahoo.com,Ww6b#SDl_f,2023-08-13 06:14:21.565880
Leslie,Williamson,lwill@yahoo.com,5tJO1XYu+!,2024-01-29 23:09:40.877150
Brandon,Weaver,brandonweaver@aol.com,m9Yr%B$z)i,2024-01-18 01:52:24.682477
Sydney,King,sking@gmail.com,)tPmhHBof9,2020-11-18 13:22:11.736943
Shawn,Haney,shawn_haney@aol.com,4j0WtpSo9!,2023-12-26 19:08:45.471359
Jeffrey,Webster,jwebster@gmail.com,m#3Uy0e^Ko,2023-04-22 03:58:41.201400
Jamie,Brown,jamie_brown@hotmail.com,PvvdRVi+)0,2020-04-02 09:13:15.010152
Francisco,Cameron,franciscobuy733@yahoo.com,*AZ1Nsv*Lz,2021-08-03 11:12:17.025317
Victoria,Black,vblack@hotmail.com,#bT6^S0D3C,2021-12-04 04:10:58.371105
Hannah,Flores,hfloresfast@outlook.com,)ShK1FwjbG,2021-09-17 12:05:10.328380
Melanie,Jacobs,melaniejac@aol.com,XhlN8JFx+#,2023-10-02 12:33:19.521348
Karen,Bishop,fallhappen4@yahoo.com,^A9E#zuy(@,2021-07-20 22:41:10.966882
Madison,Walker,mwalkermanage@yahoo.com,KpgRw$&!^6,2023-01-19 07:56:30.428881
Christopher,Francis,christophermethod984@gmail.com,Yt6UDMSSS&,2022-04-29 13:35:40.019554
Elizabeth,Clay,elizabeth.clay@outlook.com,5qowuXyo&(,2020-06-10 17:20:43.539323
Sandra,Howard,showard36@gmail.com,Pw1D+0r+)+,2023-08-15 21:27:09.653755
Brian,Mata,communityaway1@hotmail.com,@kIOPeUP_0,2023-04-28 19:19:11.887323
Destiny,Bishop,dbishop@gmail.com,^^38Qa1zR7,2021-01-30 06:31:03.699313
James,Valenzuela,jvalenzuela3@yahoo.com,R+R0yNTbXw,2023-12-12 08:36:31.447255
Kimberly,Donovan,uponfuture8@gmail.com,+UYRieo1A6,2020-07-18 09:18:20.854122
Paul,Santos,psantos@hotmail.com,^LbKYtGvB2,2020-03-04 08:00:28.239175
Heather,Palmer,heatherpal@aol.com,$4CIUpiY_(,2020-08-08 12:04:17.349855
Joseph,Murphy,jmurphy@yahoo.com,iN9KZDHdx(,2023-06-21 19:37:33.910724
Margaret,Williams,margaretw3@hotmail.com,PE274GihJ+,2021-05-16 02:52:46.498752
Michael,Salas,michael_salas@gmail.com,#^5sYxrB)r,2021-10-13 19:13:11.431255
Steven,Taylor,staylorauthor@yahoo.com,H20KYBeg^+,2021-01-04 00:44:20.096576
Jason,Davis,jasonacross9@yahoo.com,$)448I$q_u,2021-02-08 03:58:50.273563
Melissa,Nelson,melissadrug5@outlook.com,@1xpSvjlJ5,2022-11-18 06:19:54.191516
Natalie,Smith,nsmithparent@gmail.com,dbYf9$lx)4,2022-11-23 00:08:42.609948
Rachel,Miller,rachel.miller@outlook.com,g%I47Gp%vI,2022-04-20 01:14:01.460803
Melanie,Davis,mdavis@hotmail.com,4BinLJEA_q,2021-09-20 03:23:06.058241
Angela,Simmons,asimmons315@gmail.com,^F2XeVhb17,2023-10-04 06:25:15.894290
Diane,Harrell,dianeh@yahoo.com,%F35!!Ht&2,2021-09-08 01:45:44.485767
Grace,Thomas,gracet8@yahoo.com,&3PAGDc2ue,2022-10-09 11:10:20.345239
Dawn,Johnson,dawnsomeone1@aol.com,qRQ7TGvzC),2022-03-08 11:17:29.374185
Lindsay,Norton,lindsaynor@outlook.com,K5n(LzBy#6,2021-11-04 17:29:10.914786
Candice,Ewing,cewing@gmail.com,&&VAbbG%1Y,2022-04-18 00:40:48.718025
Michael,Evans,michaele9@aol.com,g^Tm8b5z#7,2023-01-24 07:25:48.691018
Michelle,Gay,michelle_gay@gmail.com,#8FnMuzG4z,2021-07-07 08:57:30.079052
Benjamin,Young,benjaminyoung@hotmail.com,EP4Vh%hb&%,2023-12-02 03:15:58.579293
Susan,Evans,sevans@yahoo.com,+3xGJsBTgd,2023-04-26 16:37:46.608344
Melissa,Gibson,gibson.melissa@hotmail.com,F#1HODrbdJ,2023-03-04 13:18:23.328120
Andrew,Johnston,andrewj518@aol.com,+B@bq7HmGY,2022-01-08 03:47:53.256493
Justin,Sweeney,jsweeney@hotmail.com,_pPEWTftv0,2022-02-02 17:41:22.353824
Mark,Chavez,mchavez@hotmail.com,127#Ul(aE(,2023-11-27 19:33:59.133415
Andrew,Thompson,andrew.thompson@yahoo.com,_^8IVIDGjc,2021-09-26 12:25:28.920902
Donna,Brown,donnaground8@gmail.com,n&4AH(ppsY,2022-02-28 01:29:23.540681
David,Kane,dkane652@gmail.com,@RlSDk0a4z,2022-02-17 05:19:58.132911
Daniel,Turner,dturner@gmail.com,)EYJUXkG3U,2020-09-10 11:43:00.046138
Peter,Flores,peterflores@outlook.com,64eYrtll^R,2020-01-15 22:33:54.615906
Mary,Sullivan,msulli@aol.com,+LUH+2Xg45,2020-05-30 02:21:29.386840
Brian,Reid,breidfigure@hotmail.com,&F)5Ruwzi*,2022-01-08 06:31:39.826314
Daniel,Klein,danielwestern@hotmail.com,$0WH^7(sdo,2022-10-26 04:45:54.989236
Cody,Johnson,cody_johnson@hotmail.com,HE3BUhy8%V,2022-05-06 11:13:51.963874
Sherry,Kelly,skelly@yahoo.com,z_8Oy2N)+c,2022-07-01 06:45:15.511517
Dawn,Wells,dwells@gmail.com,+u&L1O8f$_,2023-01-18 16:44:06.904691
Marvin,Pierce,mpierce@yahoo.com,tYT3qYL(^7,2023-02-11 05:38:49.417882
Deanna,Allen,deanna@gmail.com,4NmSCos5_U,2022-03-16 17:42:56.472132
Stephanie,Solomon,stephanieme@yahoo.com,^9KPgLwy5&,2023-12-30 22:36:28.384753
Shane,Reynolds,sreyn@gmail.com,+^p1MANu&1,2023-01-20 04:48:44.261283
Sara,Klein,saracrime562@outlook.com,q3EPz0W&@z,2020-07-08 00:23:50.173514
Chad,Lucas,chaddetail68@hotmail.com,@1N@rcjlY8,2024-02-14 08:31:19.067613
Randy,David,rdavid@hotmail.com,5d)KG0Ry^3,2022-01-11 17:22:02.783861
James,Hoffman,jameshoffman@hotmail.com,q*&7XpBp#3,2020-05-22 10:44:07.041822
Allison,Kim,akim434@outlook.com,Yo9Z5YqSE*,2020-11-17 21:00:55.059175
Alejandro,Hill,alejandrohuman@yahoo.com,)aSF@O7v8a,2023-10-16 18:26:15.567807
Melissa,Gomez,mgomez705@yahoo.com,u$r2wVi3Ih,2022-08-05 04:44:47.966631
Jerry,Carter,jcarteroutside@yahoo.com,u$68DwQg_q,2023-03-17 02:34:46.577104
Ian,Johnston,ijohnston16@gmail.com,o$2IDULoff,2023-05-25 01:33:16.140798
Heather,Calhoun,heather.calhoun@hotmail.com,Z5EfeYZw%b,2020-05-22 22:34:05.393869
Brad,Tate,btate@gmail.com,o9T^5FJni8,2021-11-09 21:06:14.494023
Curtis,Levy,curtis_levy@yahoo.com,5uPXju4v(@,2021-02-10 19:42:04.191243
Elizabeth,Johnson,effectpower5@aol.com,6t+TCqkm!9,2022-10-02 09:16:59.284813
John,Jefferson,john_jefferson@yahoo.com,yU9BHbaK+V,2022-02-18 21:41:50.015435
Megan,Osborne,meganarea@aol.com,#GG+LKzr10,2022-11-10 06:40:21.071709
Amy,Boyer,aboyer62@yahoo.com,P4nMX^@!(j,2023-09-08 04:20:09.815987
Karen,Conrad,kconrad981@aol.com,%0h9J5(bLB,2022-12-13 14:38:04.734319
Bonnie,Jones,bjones@aol.com,@0Jur81dRO,2022-10-21 22:03:18.116699
Christian,Santana,christianchurch9@aol.com,44ZGoxom@d,2020-01-16 05:10:31.781865
Paul,Reyes,paulr96@yahoo.com,&7ts1MSf$&,2023-12-22 07:56:20.386728
Nicole,Ortega,nicoleorder299@hotmail.com,$l3TKRp5*!,2021-10-19 21:06:33.593873
William,Mcdonald,wmcdonald@hotmail.com,P&J6Wb*U@^,2021-11-17 05:14:24.218065
Jacqueline,Nelson,jnelson@yahoo.com,o5MM8mOpR^,2020-01-04 13:22:55.986046
Richard,Contreras,rcontreras@yahoo.com,$#9lFLf&BN,2022-04-12 23:32:24.738667
Erica,Smith,esmith5@hotmail.com,fxlA6Iabe_,2023-10-28 02:35:28.869589
Bethany,Riley,riley.bethany@yahoo.com,@n%T5LmasI,2021-05-08 12:44:48.655263
Sean,Jackson,sjackson@yahoo.com,4@Ei0MWyOk,2022-07-08 20:02:26.391154
Anthony,Stevenson,stevenson.anthony@gmail.com,^1O&ae^wI7,2020-02-02 04:28:44.253562
Andrea,Henderson,ahendersondrug@yahoo.com,_+5L+sX*zz,2024-02-08 15:33:37.164004
Kimberly,Martin,drawstep@yahoo.com,2wrmEb3k$9,2021-05-24 08:01:25.244970
Travis,Brown,readfall1@yahoo.com,e3&WDmb*!u,2022-07-11 14:20:26.616884
Jocelyn,Gamble,jgamble2@yahoo.com,72M+xg9E(p,2021-02-05 04:07:39.191232
Carla,Strickland,carla_strickland@yahoo.com,N9Cn2*(j)k,2020-01-16 21:20:15.500822
Diane,Dillon,dianed74@gmail.com,%#Ky_zAaA9,2021-06-23 03:13:39.506080
Jennifer,Fischer,jfischer@hotmail.com,)*O0yFagB#,2021-09-07 17:15:54.483167
Nancy,Gomez,nancy.gomez@hotmail.com,*4Yy+mAj*X,2020-07-16 14:57:09.483135
Manuel,Smith,manuel.smith@yahoo.com,$t8PHbm232,2021-01-28 01:16:05.387445
Rebecca,Ho,rebeccasecurity4@aol.com,Y)*7L5ti2V,2021-03-11 02:02:23.231787
Kathy,Hardy,kathy_hardy@outlook.com,Dv(9yH^j^#,2023-07-06 09:43:50.157357
Jon,Walker,jwalkerprepare@hotmail.com,r4f6YYSc#q,2023-07-30 09:42:20.244243
Courtney,Mckay,cmckay@yahoo.com,9!2nKG*fA),2023-05-03 05:24:22.279982
Anna,Miller,amiller@outlook.com,5PFh++iU_E,2021-11-21 11:11:19.112746
David,Holmes,dholmes@outlook.com,OBS0KyCf$s,2023-01-04 10:17:46.570247
Kevin,Graves,kgravescup@outlook.com,c_D928CfB6,2020-11-08 13:36:40.065974
John,Shelton,johnshelton@yahoo.com,%LY5&yhu0B,2020-05-02 07:46:17.123320
Daniel,Kennedy,danielkennedy@gmail.com,$$2Zczpx_D,2022-09-05 06:40:34.540641
Gary,Davidson,gdavidson@outlook.com,)LHKSvXp@3,2023-12-09 22:35:39.921894
Christopher,Joyce,cjoyceresult@outlook.com,#e%uDkFvq2,2020-02-23 05:13:51.047150
Matthew,Hart,matthewhart@yahoo.com,w_6_!8SptZ,2020-04-14 10:23:33.405956
Judy,Johnson,jjohnson@outlook.com,f@%5BpLPRi,2023-02-02 20:27:29.482989
Matthew,Evans,mevans91@gmail.com,xq4a6Jbq&%,2023-11-03 19:14:18.894767
Pam,Barnett,pamb@yahoo.com,a7QdIoWr&E,2020-04-26 01:41:21.056456
Samantha,White,samanthaw9@outlook.com,&A7+dISo@(,2023-12-09 14:25:20.210883
Megan,Ray,mray@yahoo.com,!6BoXc&JD8,2023-05-19 18:05:13.247073
Stephanie,Romero,centralname86@gmail.com,M0wd5Axx^E,2023-03-11 18:47:53.178455
Frederick,Lawrence,fredericklawrence@yahoo.com,2X&IOvjW_Q,2021-09-09 09:22:01.435756
Rebecca,Fuentes,rebecca.fuentes@gmail.com,o+%30GCv72,2024-01-12 16:43:34.814757
Matthew,House,house.matthew@hotmail.com,K(ZV3Mqoej,2023-03-10 06:15:53.062923
Jennifer,Chapman,jennifer.chapman@gmail.com,&74PfaOb0E,2023-03-15 23:42:45.151075
